orderUniqueId, createdAt,
MCBC3_8541, 2021-2-25,
MW_99234, 2023-8-25,
ES_19148, 2021-9-25,
MCC_6882, 2021-1-14,
ES_1606481822963_S1, 2021-1-7,
MBC3_8590_S1, 2021-2-26,
MCC_1606824601891, 2020-12-1,
MEBC3_8282, 2021-2-19,
MCBC1_10828, 2021-4-7,
MW_7326_S1, 2021-1-26,
MCC_1606449301786, 2020-11-27,
MCC_1602604801388, 2020-10-13,
MCC_1603154101640, 2020-10-20,
MM_62740, 2023-1-22,
MCBC3_8605, 2021-2-26,
ES_1607529601607, 2020-12-9,
MCC_62364, 2023-1-19,
MCC_1602783901566, 2020-10-15,
MWBC1_10291, 2021-3-27,
MEBC_10091, 2021-3-29,
MCBC_10590, 2021-4-2,
MCC_1603438501220, 2020-10-23,
MCBC3_8278, 2021-2-19,
MCC_1603437900882, 2020-10-23,
MCBC3_10267, 2021-3-26,
MEBC3_10435_S1, 2021-3-31,
MBC3_9924, 2021-3-21,
MC_6794, 2021-1-12,
MCC_6481, 2020-12-31,
MCC_1604441401587, 2020-11-4,
MCC_59044, 2022-12-24,
MW2_7227, 2021-1-25,
MCC_105511, 2023-10-2,
MMP_1602020701447, 2020-10-7,
ES_5558, 2020-12-31,
MCC_98921, 2023-8-24,
MCC_39583, 2022-8-16,
RIF_1604432101485, 2020-11-4,
MCC_7175, 2021-1-23,
MCBC_8696, 2021-3-1,
MEBC2_10746, 2021-4-6,
MCC_7186, 2021-1-23,
MCC1_3810, 2021-1-27,
ES_6444, 2020-12-30,
MBC3_10471, 2021-3-31,
ES_1605746101902, 2020-11-19,
ES_1608671607859_S2, 2020-12-29,
MCC_1605725826940, 2020-11-19,
MEBC1_8414, 2021-2-23,
MC_1604062202300, 2020-10-30,
MCC1_2139, 2021-1-28,
MCC_1604057401483, 2020-10-30,
MCC_87661, 2023-6-12,
MCBC1_9223, 2021-3-11,
MBC3_8590, 2021-2-26,
MCC_75952, 2023-3-31,
MCC_6344_S1, 2020-12-25,
MCBC3_9412, 2021-3-15,
MCC_87988, 2023-6-14,
MCC3_7387, 2021-1-28,
MCBC1_10255, 2021-3-26,
MCC_1603843802067, 2020-10-28,
MEBC3_10504, 2021-4-1,
MCC_1606831801429, 2020-12-1,
MCBC_9411, 2021-3-15,
MWBC_10837, 2021-4-7,
ES_1603980001371, 2020-10-29,
MC_1607964901911, 2020-12-14,
MWP_1608209328626, 2020-12-17,
MCBC_8576, 2021-2-26,
MCDP_7638, 2021-2-4,
MEBC_10300, 2021-3-27,
MCBC3_9335, 2021-3-12,
MC_3923, 2021-1-27,
MEBC_10839, 2021-4-7,
MCC1_3063, 2021-1-28,
MCBC1_8321, 2021-2-21,
MCC_1607358901379, 2020-12-7,
MEBC_7695, 2021-2-5,
MCC_1606617601818, 2020-11-29,
MCBC_8222, 2021-2-18,
MCBC3_10145, 2021-3-24,
MMP_1603101300975, 2020-10-19,
MCBC3_9087_S1, 2021-3-17,
ES_1603908001548, 2020-10-28,
MWBC1_9849, 2021-3-20,
MCC1_2649, 2021-1-28,
MM_1607632293788_S8, 2021-1-23,
MCBC1_10768, 2021-4-7,
MCBC_8616, 2021-2-27,
MCBC3_9952, 2021-3-22,
MCBC3_8542, 2021-2-25,
MCBC1_9502, 2021-3-17,
MCC_83538, 2023-5-15,
MEBC3_10830, 2021-4-7,
MBC_9384, 2021-3-14,
ES_7159, 2021-1-22,
MCC_100649, 2023-9-4,
ES_1609941691538_S1, 2021-2-27,
MEBC_7611, 2021-2-16,
MCC_28705, 2022-2-18,
MM_1607632293788_S1, 2020-12-29,
MCC_1603562101477, 2020-10-24,
MCC_109083, 2023-10-24,
MBC3_10471_S1, 2021-3-31,
MMP_1606155601291, 2020-11-23,
MCC1_3123, 2021-1-27,
MEBC1_10830, 2021-4-7,
MCC_40012, 2022-8-19,
MM_1603279233660, 2020-10-21,
MBC3_10643, 2021-4-4,
MCBC_8478, 2021-2-24,
MCBC2_9886, 2021-3-20,
MCC_60104, 2023-1-5,
MWBC3_10802, 2021-4-7,
MCBC_8925, 2021-3-5,
MCBC3_9011, 2021-3-8,
F_1607967816135, 2020-12-14,
ES_1604501701210, 2020-11-4,
MCC_1607705702059, 2020-12-11,
MCBC2_8155, 2021-2-17,
ES_13566, 2021-5-24,
MC_1605147901900, 2020-11-12,
MC_27501, 2022-1-29,
MCBC_8965, 2021-3-8,
MEBC_8941, 2021-3-8,
MCC_1604953801774, 2020-11-10,
MCC_1607511001783, 2020-12-9,
MC_1603409401467, 2020-10-23,
MEBC3_9371, 2021-3-14,
MCC_1607529601870, 2020-12-9,
MW_116640, 2023-12-7,
ES_12030, 2021-4-9,
MCC_1608658801765, 2020-12-22,
MCC_6479_S1, 2021-2-3,
MEBC3_10734, 2021-4-6,
MCC_1606161078014, 2020-11-24,
MMP_1602019201202, 2020-10-7,
MCBC1_10503, 2021-4-1,
MCBC3_8594_S1, 2021-2-27,
MCDP_8398, 2021-2-23,
MCBC_8373_S1, 2021-2-26,
MCBC3_9440, 2021-3-16,
MCC_1607372701579, 2020-12-8,
MCC_1602680100927, 2020-10-14,
MCC_51717, 2022-11-9,
ES_1608658801615, 2020-12-22,
MMBC3_7800, 2021-2-8,
MM_1607632293788_S7, 2021-1-14,
MCC_6840, 2021-1-13,
MCC1_3760, 2021-1-27,
MM_6886, 2021-1-18,
MC_1608625801491, 2020-12-22,
MM_84293, 2023-5-19,
MCC_1608676801839, 2020-12-23,
MC_1607290501717, 2020-12-7,
MCC1_4195, 2021-1-27,
MCBC3_9087, 2021-3-9,
MCC1_2507, 2021-1-28,
MCC_62434, 2023-1-20,
MCBC3_8117, 2021-2-16,
ES1_2913, 2021-1-28,
MCC_7022, 2021-1-18,
MCC_1605645001730, 2020-11-18,
MCC_7372, 2021-1-28,
MCBC_8615, 2021-2-27,
MMP_1603279412298, 2020-10-21,
MC_91546, 2023-7-8,
MCBC3_10113, 2021-3-24,
ES3_7328, 2021-1-28,
MM_70297, 2023-3-2,
MCC_42733, 2022-9-20,
MM_62650, 2023-1-21,
MCC_6784_S7, 2021-1-14,
MCC1_2303, 2021-1-28,
MEBC_10387, 2021-3-29,
MCBC_8654, 2021-2-27,
MEBC1_10755, 2021-4-6,
MC_1605857401786, 2020-11-20,
MCC_72887, 2023-3-15,
MCC_1603136402241, 2020-10-20,
MCC_1603749901747, 2020-10-27,
MBC_10054, 2021-3-23,
MCBC1_10238, 2021-3-26,
MCBC3_9434, 2021-3-22,
MC_1602878105818, 2020-10-17,
MBC3_9084, 2021-3-9,
MCC_86567, 2023-6-3,
MCC_6809_S1, 2021-1-12,
MCBC3_10573, 2021-4-2,
MCBC_7601, 2021-2-3,
MCBC3_8832, 2021-3-4,
MC_1608145501333, 2020-12-17,
MCBC1_9339, 2021-3-13,
MCBC_10780, 2021-4-7,
MCC_1606020300997, 2020-11-22,
MCBC_8890, 2021-3-4,
MCBC_9945, 2021-3-22,
MCC_6996, 2021-1-16,
MCC_92916, 2023-7-19,
MCC_6344, 2020-12-24,
MEBC_9034, 2021-3-8,
ES_1608671607859, 2020-12-23,
MCBC_8934, 2021-3-5,
MCBC3_9530, 2021-3-17,
MEBC_7701, 2021-2-11,
MEBC3_7671_S1, 2021-4-7,
MCC_38204, 2022-7-26,
MMBC_9558, 2021-3-26,
MMP_1602004801290, 2020-10-6,
MCBC2_10497, 2021-3-31,
MCC_1606506001588, 2020-11-28,
MMP_1603213801342, 2020-10-20,
MC3_7341, 2021-1-27,
MCC_44368, 2022-9-29,
MEBC_10515, 2021-4-1,
MCBC_8784, 2021-3-3,
ES_1602006600999, 2020-10-6,
MCBC_10653, 2021-4-4,
MCBC2_7604, 2021-2-3,
MC_28154, 2022-2-10,
MCBC1_10255_S1, 2021-3-27,
MC_72705, 2023-3-15,
MEBC_10297_S1, 2021-3-29,
MCC_1606225801530, 2020-11-24,
MCC_91834, 2023-7-11,
MCC_65905, 2023-2-7,
ES_6326_S1, 2020-12-23,
MCBC_7931, 2021-2-11,
MBC1_10657, 2021-4-5,
MCC2_7280, 2021-1-26,
MBC3_9791, 2021-3-19,
MCC_1603438201380, 2020-10-23,
MC_6383, 2020-12-27,
MEBC3_10471, 2021-3-31,
DC_17451, 2021-8-24,
MEBC3_9597, 2021-3-18,
MEBC_9535, 2021-3-17,
MCC1_7245, 2021-1-25,
MC_1602601201905, 2020-10-13,
MCBC_10721, 2021-4-6,
MWBC3_10838, 2021-4-7,
MWBC3_9835, 2021-3-19,
MCBC2_10667, 2021-4-5,
MC_24976, 2021-12-15,
MCC_7335, 2021-1-27,
MC_1601992201174, 2020-10-6,
MW_94712, 2023-7-31,
MCC_6875, 2021-1-14,
MMBC3_8741, 2021-3-2,
MCC_1606716301796, 2020-11-30,
MCC_46439, 2022-10-12,
MM_1607632293788_S5, 2021-1-11,
ES_1609941691538, 2021-1-6,
MM_1604679477217, 2020-11-6,
MCBC_9203, 2021-3-13,
MEBC2_7640, 2021-2-4,
MCC_1605057004394, 2020-11-11,
MMBC_8213, 2021-2-18,
MCC_1650388087253, 2022-4-19,
MCBC_7576, 2021-2-22,
MBC3_9562, 2021-3-18,
MMP_1609941697788, 2021-1-6,
MCC_6687_S1, 2021-1-20,
MCC_65823, 2023-2-6,
MCC_54172, 2022-11-23,
MCBC_7992, 2021-2-12,
MCC_7179, 2021-1-23,
MCC_1603279233737, 2020-10-21,
MEBC_9110, 2021-3-15,
MCBC3_8558, 2021-2-26,
MCC_1607874301993, 2020-12-13,
MCC_80906, 2023-4-28,
MCC_1602018901947, 2020-10-7,
MC_69016, 2023-2-24,
MCBC3_8223, 2021-2-18,
ES_6326, 2020-12-23,
MCBC3_7737, 2021-2-6,
MCC_1606772402720, 2020-12-1,
MCC_1606273501647, 2020-11-25,
MCBC1_10355, 2021-3-28,
MCBC3_8242, 2021-2-19,
MC_74144, 2023-3-22,
MCC_67887, 2023-2-19,
MMP_1602023701534, 2020-10-7,
MCC_63414, 2023-1-25,
MM_7072, 2021-1-21,
MEBC_9217, 2021-3-18,
MCC_32299, 2022-4-20,
MBC1_10823, 2021-4-7,
MEBC1_9936, 2021-3-21,
MCBC3_8602, 2021-2-26,
MCBC_7607, 2021-2-3,
MEBC3_10823, 2021-4-7,
MEBC1_8113, 2021-2-16,
ES1_4198, 2021-1-27,
MCBC_8697, 2021-3-1,
MM_65973, 2023-2-7,
MCC1_7345, 2021-1-27,
MCC_107078, 2023-10-11,
MCC3_7279, 2021-1-26,
MM_62571, 2023-1-20,
MCC_1604962500995, 2020-11-10,
MCC_32198, 2022-4-19,
MCC1_7227, 2021-1-25,
MCBC_7726, 2021-2-5,
MCBC_9948, 2021-3-22,
MCC_6854, 2021-1-14,
MCBC3_10063, 2021-3-23,
MC_51441, 2022-11-8,
MCC1_2934, 2021-1-28,
MCC_1606676401296, 2020-11-30,
MCC1_3397, 2021-1-27,
MCBC2_9466, 2021-3-16,
MCC_72412, 2023-3-13,
ES_1607536837086, 2020-12-9,
MBC3_10138, 2021-3-24,
MCC_1650387401256, 2022-4-19,
MMP_1606801801799, 2020-12-1,
MCBC3_9641, 2021-3-19,
MW_65961, 2023-2-7,
MCC_97259, 2023-8-14,
MEBC_10620, 2021-4-3,
MMP_1606728901032, 2020-11-30,
MCBC2_8862, 2021-3-4,
MM_1607632293788_S4, 2020-12-30,
MCC_6434, 2020-12-30,
MCC_106168, 2023-10-5,
MCC_1604425801683, 2020-11-3,
MCBC1_8582, 2021-2-26,
MCC_86807, 2023-6-6,
MCBC1_10378, 2021-3-29,
MEBC3_8474, 2021-2-24,
MCBC_10599, 2021-4-2,
MCBC3_10034, 2021-3-23,
MCC3_7361, 2021-1-27,
MMP_1601993702344, 2020-10-6,
MCBC3_10625_S1, 2021-4-6,
DC_26447, 2022-1-11,
MCBC_10496, 2021-3-31,
MM_1607717197395, 2020-12-12,
MCC_68019, 2023-2-20,
MMBC3_9087, 2021-3-9,
MW_39645, 2022-8-16,
MCC_19559, 2021-10-2,
MCC1_3177, 2021-1-27,
MEBC3_9633, 2021-3-19,
MEBC3_10239, 2021-3-26,
MMP_1602002701342, 2020-10-6,
MCC_108446, 2023-10-19,
MM_4030, 2021-2-1,
MBC_10575, 2021-4-2,
DC_12329, 2021-4-16,
MCBC3_10717, 2021-4-6,
MCC_6825, 2021-1-13,
MCC_58453, 2022-12-20,
MBC1_10398, 2021-3-31,
MCBC_10803, 2021-4-7,
MCBC3_10015, 2021-3-23,
MCC_7340, 2021-2-1,
MMP_1601985904826, 2020-10-6,
ES_1606481822963, 2020-11-27,
MMP_1602018602199, 2020-10-7,
MM_1607632293788, 2020-12-11,
MEBC_9217_S1, 2021-3-18,
MCC1_2859, 2021-1-28,
MM_1607632293788_S6, 2021-1-13,
MCBC3_10124, 2021-3-24,
MEBC2_10693, 2021-4-6,
MC_65962, 2023-2-7,
MEBC_7899, 2021-2-11,
MCC_1604521028995, 2020-11-5,
MCC_1602133501659, 2020-10-8,
MC_17982, 2021-9-3,
MCBC3_8440, 2021-2-24,
MCC_84607, 2023-5-22,
MEBC_9487, 2021-3-16,
MCBC3_9481, 2021-3-30,
MCDP_7703, 2021-2-9,
MC_1602523202482, 2020-10-12,
ES_1605605215482, 2020-11-17,
MCC_1604679477138, 2020-11-6,
MC_6480, 2020-12-31,
MCBC3_10770, 2021-4-6,
MCC_1606831501673, 2020-12-1,
MCC_1606235702053, 2020-11-24,
MC_20008, 2021-10-9,
MMBC_10532, 2021-4-6,
MCBC1_9907, 2021-3-21,
DC_20844, 2021-10-25,
MCC_39586, 2022-8-16,
MCC_62416, 2023-1-20,
MCC_1607020501978, 2020-12-4,
MCBC3_10461, 2021-4-6,
MCC_1605538501230, 2020-11-16,
MCC_1607065502125, 2020-12-4,
MCDP_8051, 2021-2-23,
MCC_1604432101631, 2020-11-4,
MCC_1607012004824, 2020-12-3,
MEBC_10055, 2021-4-2,
MC_6687, 2021-1-8,
ES_1607721326457, 2020-12-12,
MCDP_8496, 2021-2-26,
MCBC2_10722, 2021-4-6,
MCC_1601996702654, 2020-10-6,
MCC_1606390202647, 2020-11-26,
MCDP_8468, 2021-2-26,
MCC_1605469201236, 2020-11-16,
MCC_108798, 2023-10-21,
MCC_1603438801391, 2020-10-23,
MCBC_10529, 2021-4-1,
MBC3_10314, 2021-3-27,
MCBC3_10618, 2021-4-3,
MEBC_9023, 2021-3-8,
MMP_1602098100855, 2020-10-8,
MCBC3_9780, 2021-3-19,
MEBC3_10837, 2021-4-7,
MCBC_8012, 2021-2-13,
MCC_7272, 2021-1-26,
MBC2_10791, 2021-4-7,
MCC_1607221801804, 2020-12-6,
MCDP_7758, 2021-2-9,
MEBC2_9251, 2021-3-11,
MCBC2_10420, 2021-3-30,
MBC_10327, 2021-3-27,
ES_6811, 2021-1-12,
FMC_1602276001102, 2020-10-10,
MCC_7489, 2021-2-1,
MCC_78236, 2023-4-14,
MCC_1608226801461, 2020-12-17,
MCBC_8571, 2021-2-26,
MCBC2_9235, 2021-3-11,
MCBC_8403, 2021-3-3,
MCC_6898, 2021-1-15,
MEBC_7710, 2021-2-19,
ES_7298, 2021-1-26,
MCC_54600, 2022-11-25,
MMBC1_9444, 2021-3-16,
MCC_73330, 2023-3-17,
MMP_1609941697788_S1, 2021-3-19,
MEBC3_8345, 2021-2-21,
MCC_1608657564326, 2020-12-22,
MCBC3_9388, 2021-3-19,
MEBC_9097, 2021-3-9,
MC_1603719001153, 2020-10-26,
MC_6866, 2021-1-14,
MCC_1607985301244, 2020-12-15,
FMC_1602414901162, 2020-10-11,
MWBC_9858, 2021-3-20,
MC1_7463, 2021-2-1,
MCBC_9259, 2021-3-11,
MCBC3_10769, 2021-4-6,
MCC_1602942001043, 2020-10-17,
MC_83098, 2023-5-12,
MCBC_8411, 2021-2-23,
MCBC_8371, 2021-2-22,
MCBC3_10019, 2021-3-23,
MCC_85975, 2023-5-30,
MC_1604890502141, 2020-11-9,
MEBC_9532, 2021-3-22,
MCBC1_10586, 2021-4-2,
MC_6387, 2020-12-28,
MCBC3_10767, 2021-4-6,
MM_98102, 2023-8-19,
MCBC2_10379, 2021-3-29,
MCBC_8447, 2021-2-24,
MM_1605552600244, 2020-11-17,
MMP_1602042601123, 2020-10-7,
MCC_78361, 2023-4-14,
MCC_1602278402232, 2020-10-10,
MCC_1607049601824, 2020-12-4,
MM_62458, 2023-1-20,
MCBC3_8702, 2021-3-1,
MCBC_8319, 2021-2-20,
MCC_1605832801878, 2020-11-20,
MC_1603334401731, 2020-10-22,
DC_30540, 2022-3-21,
MCC_1603047300880, 2020-10-19,
MEBC3_10435, 2021-3-31,
MMP_1606554600925, 2020-11-28,
MCC1_1407, 2021-2-2,
MEBC3_9145, 2021-3-9,
MEBC3_9426, 2021-3-15,
MCC1_4128, 2021-1-27,
MM_1607632293788_S3, 2020-12-30,
MCBC3_8386, 2021-2-23,
MCBC3_8594, 2021-2-26,
MMP_1606521602552, 2020-11-28,
ES1_1955, 2021-2-1,
MCBC1_9223_S1, 2021-3-24,
MCC_98480, 2023-8-22,
MWBC3_9875, 2021-3-20,
ES_1602893701159, 2020-10-17,
MBC_8027, 2021-2-13,
MCC_1608222301540, 2020-12-17,
MCBC1_9444, 2021-3-16,
MCBC3_10608, 2021-4-3,
MCBC3_8321, 2021-2-21,
MCC_1606469100934, 2020-11-27,
MEBC3_7671, 2021-2-4,
ES_6404, 2020-12-29,
MCC_1603437600976, 2020-10-23,
MCDP_8758, 2021-3-4,
ES_1605669301543, 2020-11-18,
ES_1604017801435, 2020-10-30,
MCBC1_9272, 2021-3-12,
MCC_55578, 2022-11-30,
MCC_6331, 2020-12-24,
MCBC_10182, 2021-3-25,
MEBC3_10660, 2021-4-5,
F_1607967853492, 2020-12-14,
MCBC3_9307, 2021-3-12,
MMP_1607536837016, 2020-12-9,
MEBC3_9772, 2021-3-22,
MCC_1606955401733, 2020-12-3,
MCC_6348, 2020-12-25,
MCC_1604505901683, 2020-11-4,
MBC_9557, 2021-3-18,
MCBC3_9087_S2, 2021-3-20,
MCC_1608231001977, 2020-12-18,
MCC_1602424201762, 2020-10-11,
MCBC1_10726, 2021-4-6,
MCC_6875_S1, 2021-1-20,
MCC_102462, 2023-9-14,
MCC1_3028, 2021-1-28,
MCC_1603816501469, 2020-10-27,
F_6640, 2021-1-8,
MCC_42119, 2022-9-14,
MM_1608145724262, 2020-12-17,
MCDP_7888, 2021-2-11,
MC_6810, 2021-1-12,
MCBC1_8626, 2021-2-27,
ES_1607022301386, 2020-12-4,
MCC_1607322002001, 2020-12-7,
MCC_73789, 2023-3-21,
MCC_1608078301715, 2020-12-16,
MCC_70272, 2023-3-2,
MCBC1_8207, 2021-2-18,
MEBC3_9871, 2021-3-20,
MCC_64200, 2023-1-30,
MCC_36830, 2022-6-30,
MCC_1605552600308, 2020-11-17,
MCBC_8373, 2021-2-22,
MCC_1605746101738, 2020-11-19,
MCC_1607579701770, 2020-12-10,
MCC_1602086101906, 2020-10-7,
ES_1608658801615_S1, 2020-12-24,
ES_1603366801395, 2020-10-22,
MCC_64126, 2023-1-29,
MC_1605308701680, 2020-11-14,
MCC_7377, 2021-2-1,
MCC_6479, 2020-12-31,
MM_62262, 2023-1-19,
MBC_10766, 2021-4-7,
ES_1605731709603, 2020-11-19,
MBC_10365, 2021-3-29,
MC_1604442001739, 2020-11-4,
MCC_40007, 2022-8-19,
MCBC3_10788, 2021-4-7,
MCC_58548, 2022-12-20,
MC_70481, 2023-3-3,
MC_1602021600823, 2020-10-7,
MCC_92918, 2023-7-19,
MCDP_8197, 2021-2-23,
MCC_6402, 2020-12-29,
MCC1_3110, 2021-1-27,
MM_6687, 2021-1-8,
MCC_32316, 2022-4-20,
MMP_1602054601848, 2020-10-7,
MCC_7548, 2021-2-2,
MCC_81509, 2023-5-3,
MCBC_7891, 2021-2-10,
MWBC_9807, 2021-3-19,
MCC_1604975401435, 2020-11-10,
MCC_1604614878999, 2020-11-6,
MCC_6749, 2021-1-9,
MEBC_7893, 2021-2-10,
MCC_7382, 2021-1-28,
MBC3_9630, 2021-3-19,
MCBC_8267, 2021-2-19,
MCC_1606657801200, 2020-11-29,
MMP_1602214501815, 2020-10-9,
MCC_1606325100892, 2020-11-25,
MCBC_8499, 2021-3-3,
MC_18131, 2021-9-8,
MCC_1606491385134, 2020-11-27,
MCC_66622, 2023-2-10,
MCBC3_10816, 2021-4-7,
MCBC_9394, 2021-3-15,
MCBC_8671, 2021-2-28,
MCBC_10246, 2021-3-26,
MCBC3_8060, 2021-2-14,
MCBC_8429, 2021-2-24,
MCBC1_9389, 2021-3-14,
MEBC_7866, 2021-3-2,
MWBC3_10058, 2021-3-23,
MCC_1604011201970, 2020-10-30,
MCBC2_8833, 2021-3-3,
MCC_93158, 2023-7-20,
MBC1_8705, 2021-3-1,
MCC_1606225801301, 2020-11-24,
MC_65993, 2023-2-7,
MCBC1_9484, 2021-3-16,
MC_1606236096751, 2020-11-24,
MCC_1607356783395, 2020-12-7,
MCBC_8444, 2021-2-24,
MCBC1_8607, 2021-2-26,
MC_1606959001086, 2020-12-3,
MW_35079, 2022-6-1,
MCBC3_9458, 2021-3-22,
MM_68749, 2023-2-23,
MM_1606481823118, 2020-11-27,
MC_1606362901015, 2020-11-26,
MBC_10477, 2021-3-31,
MCDP_8157, 2021-2-23,
MC_1603513200972, 2020-10-24,
MCC_1607978204178, 2020-12-15,
MCBC_9558, 2021-3-26,
MCC_1602800701214, 2020-10-16,
MCC_108797, 2023-10-21,
FMC1_7998, 2021-2-13,
MCC_65760, 2023-2-6,
MCBC_8164, 2021-2-17,
MCBC1_8625, 2021-2-27,
MC3_7490, 2021-1-30,
MCC_73999, 2023-3-21,
ES_6687, 2021-1-8,
MCC_1606497002434, 2020-11-27,
MCC_1607477401716, 2020-12-9,
MCBC_8446, 2021-2-24,
MCDP_7834, 2021-2-9,
MC_6991, 2021-1-16,
MBC3_10144, 2021-3-24,
MCC_93154, 2023-7-20,
MCBC3_8797, 2021-3-3,
MM_99454, 2023-8-28,
MC_27690, 2022-2-2,
MM_1607185600858, 2020-12-5,
MMBC_9896, 2021-3-20,
MEBC_8545, 2021-2-25,
ES_12031, 2021-4-9,
DC_29026, 2022-2-24,
MCC_1603889101490, 2020-10-28,
MC_6441, 2020-12-30,
ES_15182, 2021-7-6,
MMBC_7468, 2021-2-3,
MCC_1606172101300, 2020-11-24,
MCBC3_10025, 2021-3-23,
MBC3_7678, 2021-2-4,
MEBC2_8036, 2021-2-14,
MCBC_9127, 2021-3-9,
DC_27761, 2022-2-3,
MCC_6731, 2021-1-8,
MCC_1603479348541, 2020-10-24,
MEBC_9833, 2021-3-20,
MC_1602012301760, 2020-10-7,
MCBC_8453, 2021-2-24,
MCC_1605749401704, 2020-11-19,
MCBC2_9584, 2021-3-18,
MC_76472, 2023-4-3,
MM_62573, 2023-1-20,
ES_1606163701301, 2020-11-24,
MCC_1606427702178, 2020-11-27,
MCBC_10096, 2021-3-24,
MCBC3_10691, 2021-4-5,
MEBC3_10510, 2021-4-1,
MBC2_7856, 2021-2-10,
MCBC3_9900, 2021-3-21,
MWBC3_10798, 2021-4-7,
MC_79062, 2023-4-19,
MCC_73211, 2023-3-17,
MCC_1606336759350, 2020-11-26,
MCC_107934, 2023-10-17,
MCBC_9490, 2021-3-17,
MEBC_10626, 2021-4-3,
MCBC_10637, 2021-4-3,
MCC_6687, 2021-1-8,
MCBC3_8128, 2021-2-16,
MCC1_2499, 2021-1-28,
MMP_1602069001528, 2020-10-7,
MCBC_8941, 2021-3-8,
MCBC3_10491, 2021-3-31,
MCBC3_7793, 2021-2-8,
MCBC1_10542, 2021-4-1,
MWBC3_9915, 2021-3-21,
MCBC_8173, 2021-2-17,
MCBC1_10574, 2021-4-2,
MMBC_10561, 2021-4-2,
MM_6336, 2020-12-30,
ES_3196, 2020-12-31,
MWBC2_10693, 2021-4-6,
MW_36876, 2022-7-1,
MMBC2_10693, 2021-4-6,
MCBC_8443, 2021-2-24,
MEBC1_7710, 2021-2-19,
ES_1607968046191, 2020-12-14,
MC_1604333101586, 2020-11-2,
MMP_1602208801545, 2020-10-9,
MCBC_8572, 2021-2-26,
ES_1608503101390, 2020-12-21,
MBC_10368, 2021-3-29,
MCC_6325, 2021-1-27,
MCC1_3405, 2021-1-27,
MW_101609, 2023-9-10,
MC_64428, 2023-1-31,
MCC_1606242001443, 2020-11-24,
MCC_39344, 2022-8-11,
MCC_1604416801680, 2020-11-3,
MCBC3_10110, 2021-3-24,
MCC_1604316302434, 2020-11-2,
MM_3674, 2021-1-27,
MCC_98294, 2023-8-21,
MCBC3_8574, 2021-2-26,
MWBC2_9970, 2021-3-22,
MCBC3_10642, 2021-4-4,
MCC_77833, 2023-4-12,
MMBC3_8207, 2021-2-18,
MCC_1602954601611, 2020-10-17,
MCBC3_9324, 2021-3-12,
ES_14334, 2021-6-14,
MW_7326, 2021-1-26,
MCC_6784, 2021-1-12,
MCC1_7260, 2021-1-26,
MCC_1605714902702, 2020-11-18,
MCC_1606585801778, 2020-11-28,
MMP_1601985904527, 2020-10-6,
ES_1606161078101, 2020-11-24,
MCBC1_8475, 2021-2-24,
MCC_1603245300977, 2020-10-21,
MCBC3_10499, 2021-3-31,
ES_1606227301818, 2020-11-24,
MEBC2_9122, 2021-3-9,
MC_1605430502889, 2020-11-15,
MC_16848, 2021-8-12,
MCC_57815, 2022-12-15,
MCBC_10532, 2021-4-6,
MCBC_9585, 2021-3-31,
MC_1608503101539, 2020-12-21,
MCBC_10604, 2021-4-2,
MCC_7461, 2021-1-30,
MCBC2_7633, 2021-2-4,
MCBC2_10090, 2021-3-24,
MM_4110, 2021-1-27,
MCC_71758, 2023-3-9,
MCC_33862, 2022-5-12,
MCC_7143, 2021-1-22,

